"filename","date"
"5240135","18712"
"5240290","18713"
"5240296","18714"
"5240804","18715"
"5241475","18716"
"5242089","18717"
"5242517","18718"
"5242794","18719"
"5242839","18720"
"5242855","18721"
"5242989","18722"
"5243196","18723"
"5243463","18724"
"5243711","18725"
"5243927","18726"
"5243963","18727"
"5243984","18728"
"5244215","18729"
"5244443","18730"
"5244643","18731"
"5244938","18732"
"5245139","18733"
"5245217","18734"
"5245219","18735"
"5245523","18736"
"5245759","18737"
"5245944","18738"
"5246239","18739"
"5246483","18740"
"5246544","18741"
"5246548","18742"
"5246803","18743"
"5247285","18744"
"5247846","18745"
"5247874","18746"
"5247936","18747"
"5247988","18748"
"5248059","18749"
"5248087","18750"
"5248093","18751"
"5248097","18752"
"5248332","18753"
"5248653","18754"
"5248694","18755"
"5248723","18756"
"5249073","18757"
"5249303","18758"
"5249629","18759"
"5250118","18760"
"5250622","18761"
