3月1日,2021-03-01
3月2日,2021-03-02
3月3日,2021-03-03
3月4日,2021-03-04
3月5日,2021-03-05
3月6日,2021-03-06
3月7日,2021-03-07
3月8日,2021-03-08
3月9日,2021-03-09
3月10日,2021-03-10
3月11日,2021-03-11
3月12日,2021-03-12
3月13日,2021-03-13
3月14日,2021-03-14
3月15日,2021-03-15
3月16日,2021-03-16
3月17日,2021-03-17
3月18日,2021-03-18
3月19日,2021-03-19
3月20日,2021-03-20
3月21日,2021-03-21
3月22日,2021-03-22
3月23日,2021-03-23
3月24日,2021-03-24
3月25日,2021-03-25
3月26日,2021-03-26
3月27日,2021-03-27
3月28日,2021-03-28
3月29日,2021-03-29
3月30日,2021-03-30
3月31日,2021-03-31
4月1日,2021-04-01
4月2日,2021-04-02
4月3日,2021-04-03
4月4日,2021-04-04
4月5日,2021-04-05
4月6日,2021-04-06
4月7日,2021-04-07
4月8日,2021-04-08
4月9日,2021-04-09
4月10日,2021-04-10
4月11日,2021-04-11
4月12日,2021-04-12
4月13日,2021-04-13
4月14日,2021-04-14
4月15日,2021-04-15
4月16日,2021-04-16
4月17日,2021-04-17
4月18日,2021-04-18
4月19日,2021-04-19
4月20日,2021-04-20
4月21日,2021-04-21
4月22日,2021-04-22
4月23日,2021-04-23
4月24日,2021-04-24
4月25日,2021-04-25
4月26日,2021-04-26
4月27日,2021-04-27
4月28日,2021-04-28
4月29日,2021-04-29
4月30日,2021-04-30
5月1日,2021-05-01
5月2日,2021-05-02
5月3日,2021-05-03
5月4日,2021-05-04
5月5日,2021-05-05
5月6日,2021-05-06
5月7日,2021-05-07
5月8日,2021-05-08
5月9日,2021-05-09
5月10日,2021-05-10
5月11日,2021-05-11
5月12日,2021-05-12
5月13日,2021-05-13
5月14日,2021-05-14
5月15日,2021-05-15
5月16日,2021-05-16
5月17日,2021-05-17
5月18日,2021-05-18
5月19日,2021-05-19
5月20日,2021-05-20
5月21日,2021-05-21
5月22日,2021-05-22
5月23日,2021-05-23
5月24日,2021-05-24
5月25日,2021-05-25
5月26日,2021-05-26
5月27日,2021-05-27
5月28日,2021-05-28
5月29日,2021-05-29
5月30日,2021-05-30
5月31日,2021-05-31
6月1日,2021-06-01
6月2日,2021-06-02
6月3日,2021-06-03
6月4日,2021-06-04
6月5日,2021-06-05
6月6日,2021-06-06
6月7日,2021-06-07
6月8日,2021-06-08
6月9日,2021-06-09
6月10日,2021-06-10
6月11日,2021-06-11
6月12日,2021-06-12
6月13日,2021-06-13
6月14日,2021-06-14
6月15日,2021-06-15
6月16日,2021-06-16
6月17日,2021-06-17
6月18日,2021-06-18
6月19日,2021-06-19
6月20日,2021-06-20
6月21日,2021-06-21
6月22日,2021-06-22
6月23日,2021-06-23
6月24日,2021-06-24
6月25日,2021-06-25
6月26日,2021-06-26
6月27日,2021-06-27
6月28日,2021-06-28
6月29日,2021-06-29
6月30日,2021-06-30
7月1日,2021-07-01
7月2日,2021-07-02
7月3日,2021-07-03
7月4日,2021-07-04
7月5日,2021-07-05
7月6日,2021-07-06
7月7日,2021-07-07
7月8日,2021-07-08
7月9日,2021-07-09
7月10日,2021-07-10
7月11日,2021-07-11
7月12日,2021-07-12
7月13日,2021-07-13
7月14日,2021-07-14
7月15日,2021-07-15
7月16日,2021-07-16
7月17日,2021-07-17
7月18日,2021-07-18
7月19日,2021-07-19
7月20日,2021-07-20
7月21日,2021-07-21
7月22日,2021-07-22
7月23日,2021-07-23
7月24日,2021-07-24
7月25日,2021-07-25
7月26日,2021-07-26
7月27日,2021-07-27
7月28日,2021-07-28
7月29日,2021-07-29
7月30日,2021-07-30
7月31日,2021-07-31
8月1日,2021-08-01